{
  "brown": {
    "C": {
      "0.05": 28.396741212978007,
      "0.1": 30.347790494583094,
      "0.25": 34.83687067177553,
      "0.5": 41.566818862477554,
      "0.75": 52.42224380410359,
      "0.9": 61.278664352380275,
      "0.95": 65.84100120641703
    },
    "L": {
      "0.05": 24.230425190401782,
      "0.1": 27.66974990816668,
      "0.25": 33.185813464373815,
      "0.5": 39.31846496172359,
      "0.75": 46.04869692073861,
      "0.9": 50.995293454044244,
      "0.95": 53.361783070954154
    },
    "h": {
      "0.05": 11.2586326512033,
      "0.1": 15.697483987680215,
      "0.25": 22.749373097847595,
      "0.5": 29.586374694461,
      "0.75": 34.61002849680452,
      "0.9": 39.47088438962558,
      "0.95": 43.48020788300158
    },
    "n": 1106,
    "p_threshold": 0.55
  },
  "coral": {
    "C": {
      "0.05": 41.52893335812277,
      "0.1": 45.107440653351546,
      "0.25": 52.07702278802784,
      "0.5": 60.78279945650861,
      "0.75": 69.36110001377553,
      "0.9": 73.8641192837706,
      "0.95": 75.97644947171501
    },
    "L": {
      "0.05": 46.01596738403675,
      "0.1": 47.092600967181006,
      "0.25": 50.54940908883568,
      "0.5": 54.750346013783044,
      "0.75": 59.94326889440141,
      "0.9": 64.00637376268921,
      "0.95": 66.69955628877433
    },
    "h": {
      "0.05": 12.899318001284524,
      "0.1": 17.437957608410215,
      "0.25": 24.61821298656254,
      "0.5": 29.92427812146326,
      "0.75": 33.798762707476016,
      "0.9": 37.52472048779493,
      "0.95": 39.54976286547541
    },
    "n": 230,
    "p_threshold": 0.55
  },
  "pink": {
    "C": {
      "0.05": 23.29851421064256,
      "0.1": 25.25912474438683,
      "0.25": 29.157802517548436,
      "0.5": 32.925487256462226,
      "0.75": 37.87694312709343,
      "0.9": 43.853891610592804,
      "0.95": 48.37548875589174
    },
    "L": {
      "0.05": 58.305027528835566,
      "0.1": 58.945738588554214,
      "0.25": 61.26388765657964,
      "0.5": 65.553263122974,
      "0.75": 70.2364899975439,
      "0.9": 74.35101175116095,
      "0.95": 77.8223188780554
    },
    "h": {
      "0.05": 7.0145482237628025,
      "0.1": 10.585957457307837,
      "0.25": 16.087097367124784,
      "0.5": 22.983950704737197,
      "0.75": 31.530507008628206,
      "0.9": 48.92833207872045,
      "0.95": 347.40700936908587
    },
    "n": 129,
    "p_threshold": 0.55
  },
  "red": {
    "C": {
      "0.05": 76.16751976309205,
      "0.1": 76.87750146325837,
      "0.25": 78.66269893252951,
      "0.5": 81.01218341696118,
      "0.75": 84.30942340576432,
      "0.9": 88.77194000182864,
      "0.95": 91.47856053922776
    },
    "L": {
      "0.05": 38.61656765034135,
      "0.1": 40.91096897399534,
      "0.25": 42.869418262107594,
      "0.5": 45.35985313886316,
      "0.75": 50.43290343164129,
      "0.9": 53.806474412677986,
      "0.95": 55.20714636474767
    },
    "h": {
      "0.05": 28.578179381177396,
      "0.1": 29.462375369348273,
      "0.25": 31.908962724052245,
      "0.5": 34.9826646435487,
      "0.75": 37.50413211113799,
      "0.9": 39.602941697425514,
      "0.95": 40.60522614215833
    },
    "n": 72,
    "p_threshold": 0.55
  },
  "taupe": {
    "C": {
      "0.05": 15.01182043259845,
      "0.1": 16.58326481385235,
      "0.25": 17.65167532057578,
      "0.5": 19.77847121807535,
      "0.75": 21.26323873956794,
      "0.9": 22.796027293842858,
      "0.95": 23.559341273788903
    },
    "L": {
      "0.05": 26.19521413144758,
      "0.1": 27.327318933034654,
      "0.25": 30.269664460009274,
      "0.5": 38.093903441291395,
      "0.75": 46.8114664613047,
      "0.9": 50.05221428704555,
      "0.95": 51.892479564122546
    },
    "h": {
      "0.05": 8.60670015014331,
      "0.1": 10.248300936671354,
      "0.25": 26.406466934872185,
      "0.5": 37.42056198372745,
      "0.75": 48.577935445268736,
      "0.9": 78.95868736175984,
      "0.95": 334.7216395623301
    },
    "n": 49,
    "p_threshold": 0.55
  }
}